Wall time,Step,Value
1569635679.2807462,0,0.044959068298339844
1569635727.052865,1,0.031855493783950806
1569635773.0291624,2,0.028859052807092667
1569635820.7523527,3,0.026991384103894234
1569635867.545389,4,0.0259342473000288
1569635912.339064,5,0.024355141445994377
1569635954.0247335,6,0.02614191174507141
1569635978.1570163,7,0.02687651291489601
1569636001.9374115,8,0.02689240872859955
1569636025.7487967,9,0.026383547112345695
1569636049.338253,10,0.026456648483872414
1569636072.4718554,11,0.029083436354994774
1569636095.4754999,12,0.02586355246603489
1569636118.516131,13,0.027844365686178207
1569636141.254859,14,0.023787349462509155
1569636164.0135813,15,0.026617301627993584
1569636186.8902657,16,0.03323083743453026
1569636209.4750433,17,0.02603279985487461
1569636243.1592727,18,0.027642661705613136
1569636286.7003486,19,0.02467743679881096
1569636330.4213667,20,0.024608226493000984
1569636373.2906573,21,0.026876429095864296
1569636419.5258722,22,0.031330257654190063
1569636465.9320316,23,0.030580367892980576
1569636512.97399,24,0.030745023861527443
1569636560.2578676,25,0.030827879905700684
1569636606.9579337,26,0.02832728624343872
1569636653.9419081,27,0.03197508305311203
1569636717.57556,28,0.027698619291186333
1569636765.7341597,29,0.036980897188186646
