Wall time,Step,Value
1569724219.652331,0,0.9883000254631042
1569724292.2121263,1,0.9911999702453613
1569724365.4307122,2,0.9921000003814697
1569724438.6582942,3,0.992900013923645
1569724514.0504353,4,0.9923999905586243
1569724588.4606397,5,0.9936000108718872
1569724661.7992358,6,0.9936000108718872
1569724735.1487792,7,0.9944999814033508
1569724808.639278,8,0.9933000206947327
1569724882.2017536,9,0.9940999746322632
1569724957.439694,10,0.9937000274658203
1569725033.565349,11,0.9940000176429749
1569725108.952242,12,0.9947999715805054
1569725186.4855366,13,0.9951000213623047
1569725261.5285387,14,0.9939000010490417
1569725333.853411,15,0.9948999881744385
1569725406.6611273,16,0.994700014591217
1569725479.236918,17,0.9948999881744385
1569725552.0976183,18,0.9954000115394592
1569725624.60843,19,0.9954000115394592
1569725697.2242084,20,0.9948999881744385
1569725770.7237036,21,0.9950000047683716
1569725843.6223917,22,0.995199978351593
1569725917.3908014,23,0.9947999715805054
1569725990.7983267,24,0.9951000213623047
1569726064.0049164,25,0.9945999979972839
1569726137.923278,26,0.9951000213623047
1569726213.2951748,27,0.9947999715805054
1569726285.9439988,28,0.9948999881744385
1569726359.4155035,29,0.9950000047683716
1569726432.610097,30,0.9951000213623047
1569726506.9583411,31,0.9951000213623047
1569726581.7014391,32,0.9955000281333923
1569726657.7651148,33,0.9957000017166138
1569726733.628855,34,0.9957000017166138
